,Date,Open,High,Low,Close,Volume
0,,,,,,
1,23-Aug-17,5750.1,5781.4,5723.5,5737.2,-
2,22-Aug-17,5725.9,5750.9,5725.9,5750.1,-
3,21-Aug-17,5747.1,5747.1,5699,5725.9,-
4,18-Aug-17,5779.2,5779.2,5711,5747.1,-
5,17-Aug-17,5785.1,5806.3,5765.8,5779.2,-
6,16-Aug-17,5757.5,5785.1,5728.8,5785.1,-
7,15-Aug-17,5730.4,5777.2,5730.4,5757.5,-
8,14-Aug-17,5693.1,5735.7,5693.1,5730.4,-
9,11-Aug-17,5760.9,5760.9,5674,5693.1,-
10,10-Aug-17,5765.7,5795.5,5747,5760.9,-
11,9-Aug-17,5743.8,5777.2,5742.8,5765.7,-
12,8-Aug-17,5773.6,5792,5722.1,5743.8,-
13,7-Aug-17,5720.6,5781.6,5720.6,5773.6,-
14,4-Aug-17,5735.1,5738.6,5709.3,5720.6,-
15,3-Aug-17,5744.2,5744.6,5706.2,5735.1,-
16,2-Aug-17,5772.4,5779.6,5738.1,5744.2,-
17,1-Aug-17,5720.6,5774.5,5720.6,5772.4,-
18,31-Jul-17,5702.8,5745.2,5701.8,5720.6,-
19,28-Jul-17,5785,5785,5692.8,5702.8,-
20,27-Jul-17,5776.6,5799.6,5776.6,5785,-
21,26-Jul-17,5726.6,5787.6,5726.6,5776.6,-
22,25-Jul-17,5688.1,5742.8,5688.1,5726.6,-
23,24-Jul-17,5722.8,5722.8,5653.3,5688.1,-
24,21-Jul-17,5761.5,5761.5,5709.5,5722.8,-
25,20-Jul-17,5732.1,5770.8,5732.1,5761.5,-
26,19-Jul-17,5687.4,5743.8,5687.4,5732.1,-
27,18-Jul-17,5755.5,5761.6,5678.7,5687.4,-
28,17-Jul-17,5765.1,5773.7,5735.5,5755.5,-
29,14-Jul-17,5736.8,5778.8,5736.8,5765.1,-
30,13-Jul-17,5673.8,5742.7,5673.8,5736.8,-
31,,,,,,
32,12-Jul-17,5728.9,5730.3,5665.6,5673.8,-
33,11-Jul-17,5724.4,5744.5,5700.7,5728.9,-
34,10-Jul-17,5703.6,5747.5,5703.6,5724.4,-
35,7-Jul-17,5758.8,5758.8,5676,5703.6,-
36,6-Jul-17,5763.3,5771.6,5741.7,5758.8,-
37,5-Jul-17,5783.8,5790.4,5755.2,5763.3,-
38,4-Jul-17,5684.5,5792,5684.5,5783.8,-
39,3-Jul-17,5721.5,5729.6,5682.9,5684.5,-
40,30-Jun-17,5818.1,5818.1,5718.1,5721.5,-
41,29-Jun-17,5755.7,5819.7,5755.7,5818.1,-
42,28-Jun-17,5714.2,5757.3,5702.7,5755.7,-
43,27-Jun-17,5720.2,5721.1,5685.2,5714.2,-
44,26-Jun-17,5715.9,5749,5711,5720.2,-
45,23-Jun-17,5706,5723.3,5692.9,5715.9,-
46,22-Jun-17,5665.7,5723.9,5665.7,5706,-
47,21-Jun-17,5757.3,5757.3,5665.3,5665.7,-
48,20-Jun-17,5805.2,5809.3,5757.3,5757.3,-
49,19-Jun-17,5774,5806.4,5769.4,5805.2,-
50,16-Jun-17,5760.8,5794.5,5760.8,5774,-
51,15-Jun-17,5833.9,5833.9,5752.2,5763.2,-
52,14-Jun-17,5772.8,5836.4,5772.8,5833.9,-
53,13-Jun-17,5677.8,5772.8,5677.8,5772.8,-
54,9-Jun-17,5676.6,5691.8,5649.7,5677.8,-
55,8-Jun-17,5667.2,5679.1,5629.8,5676.6,-
56,7-Jun-17,5667.5,5682.5,5642.6,5667.2,-
57,6-Jun-17,5754.9,5754.9,5667.5,5667.5,-
58,5-Jun-17,5788.1,5788.1,5737.4,5754.9,-
59,2-Jun-17,5738.1,5793.7,5738.1,5788.1,-
60,1-Jun-17,5724.6,5738.6,5709.4,5738.1,-
61,31-May-17,5717.9,5740.1,5708.5,5724.6,-
62,,,,,,
63,30-May-17,5707,5726.6,5679.8,5717.9,-
64,29-May-17,5751.2,5758.2,5707.1,5707.1,-
65,26-May-17,5789.6,5789.6,5738.6,5751.7,-
66,25-May-17,5769,5790.5,5749.3,5789.6,-
67,24-May-17,5760.2,5776,5754.4,5769,-
68,23-May-17,5771.2,5795.7,5753.1,5760.2,-
69,22-May-17,5727.4,5778.1,5727.4,5771.2,-
70,19-May-17,5738.3,5740.5,5707.4,5727.4,-
71,18-May-17,5786,5786,5697.6,5738.3,-
72,17-May-17,5850.5,5850.5,5784.5,5786,-
73,16-May-17,5838.4,5871.6,5835.7,5850.5,-
74,15-May-17,5836.9,5847,5805.9,5838.4,-
75,12-May-17,5878.3,5878.7,5815.6,5836.9,-
76,11-May-17,5875.4,5922.5,5873.4,5878.3,-
77,10-May-17,5839.9,5888.1,5816.5,5875.4,-
78,9-May-17,5870.9,5870.9,5830.5,5839.9,-
79,8-May-17,5836.6,5885.4,5836.6,5870.9,-
80,5-May-17,5876.4,5885.8,5827.2,5836.6,-
81,4-May-17,5892.3,5893.6,5856.4,5876.4,-
82,3-May-17,5950.4,5950.4,5882.2,5892.3,-
83,2-May-17,5956.5,5956.5,5919,5950.4,-
84,1-May-17,5924.1,5956.5,5916.7,5956.5,-
85,28-Apr-17,5921.5,5924.1,5894.8,5924.1,-
86,27-Apr-17,5912,5924.2,5906.4,5921.5,-
87,26-Apr-17,5871.8,5923.9,5871.8,5912,-
88,24-Apr-17,5854.1,5894.7,5853.8,5871.8,-
89,21-Apr-17,5821.4,5870.4,5821.4,5854.1,-
90,20-Apr-17,5804,5826.1,5801.2,5821.4,-
91,19-Apr-17,5836.7,5836.7,5790.6,5804,-
92,18-Apr-17,5889.9,5889.9,5820.4,5836.7,-
93,,,,,,
94,13-Apr-17,5934,5934,5881.3,5889.9,-
95,12-Apr-17,5929.3,5944.2,5913.6,5934,-
96,11-Apr-17,5912.9,5950.1,5898.1,5929.3,-
97,10-Apr-17,5862.5,5912.9,5862.5,5912.9,-
98,7-Apr-17,5856.3,5888.6,5838.3,5862.5,-
99,6-Apr-17,5876.2,5876.2,5833,5856.3,-
100,5-Apr-17,5856.6,5881,5846.2,5876.2,-
101,4-Apr-17,5872.7,5874,5849.2,5856.6,-
102,3-Apr-17,5864.9,5873.4,5840.9,5872.7,-
103,31-Mar-17,5896.2,5901.5,5864.9,5864.9,-
104,30-Mar-17,5873.5,5899.2,5873.5,5896.2,-
105,29-Mar-17,5821.2,5876.4,5821.2,5873.5,-
106,28-Mar-17,5746.7,5821.2,5746.7,5821.2,-
107,27-Mar-17,5753.5,5753.5,5698.1,5746.7,-
108,24-Mar-17,5708,5768.4,5706.3,5753.5,-
109,23-Mar-17,5684.5,5708,5684.5,5708,-
110,22-Mar-17,5774.6,5774.6,5681,5684.5,-
111,21-Mar-17,5778.9,5779.3,5760.2,5774.6,-
112,20-Mar-17,5799.6,5799.6,5764.4,5778.9,-
113,17-Mar-17,5785.8,5815,5777.9,5799.6,-
114,16-Mar-17,5774,5801.1,5765.6,5785.8,-
115,15-Mar-17,5759.1,5774.4,5727.7,5774,-
116,14-Mar-17,5757.3,5783.6,5743.9,5759.1,-
117,13-Mar-17,5775.6,5775.6,5744.7,5757.3,-
118,10-Mar-17,5741.2,5781.2,5741.2,5775.6,-
119,9-Mar-17,5759.7,5760.7,5729,5741.2,-
120,8-Mar-17,5761.4,5761.4,5738.7,5759.7,-
121,7-Mar-17,5746.5,5774.8,5719.6,5761.4,-
122,6-Mar-17,5729.6,5747.1,5715.5,5746.5,-
123,3-Mar-17,5776.6,5776.6,5712.4,5729.6,-
124,,,,,,
125,2-Mar-17,5704.8,5776.6,5704.8,5776.6,-
126,1-Mar-17,5712.2,5712.2,5675,5704.8,-
127,28-Feb-17,5724.2,5755.6,5712.2,5712.2,-
128,27-Feb-17,5739,5743.5,5710.1,5724.2,-
129,24-Feb-17,5784.7,5784.7,5729.9,5739,-
130,23-Feb-17,5805.1,5805.1,5764.3,5784.7,-
131,22-Feb-17,5791,5805.1,5780.4,5805.1,-
132,21-Feb-17,5795.1,5795.1,5774.1,5791,-
133,20-Feb-17,5805.8,5810.1,5778.9,5795.1,-
134,17-Feb-17,5816.3,5819.9,5799.6,5805.8,-
135,16-Feb-17,5809.1,5833.2,5789.8,5816.3,-
136,15-Feb-17,5755.2,5817.3,5755.2,5809.1,-
137,14-Feb-17,5760.7,5794.9,5754.5,5755.2,-
138,13-Feb-17,5720.6,5764.1,5720.6,5760.7,-
139,10-Feb-17,5664.6,5721.4,5664.6,5720.6,-
140,9-Feb-17,5651.4,5671.4,5635,5664.6,-
141,8-Feb-17,5621.9,5655.6,5620.4,5651.4,-
142,7-Feb-17,5615.6,5621.9,5582.7,5621.9,-
143,6-Feb-17,5621.6,5659.1,5609.4,5615.6,-
144,3-Feb-17,5645.3,5662.8,5617.2,5621.6,-
145,2-Feb-17,5653.2,5670.6,5630.5,5645.4,-
146,1-Feb-17,5620.9,5653.5,5611.4,5653.2,-
147,31-Jan-17,5661.5,5661.5,5606.2,5620.9,-
148,30-Jan-17,5714,5714,5643.5,5661.5,-
149,27-Jan-17,5671.5,5714.2,5668.5,5714,-
150,25-Jan-17,5650.1,5690.5,5650.1,5671.5,-
151,24-Jan-17,5611,5653.8,5611,5650.1,-
152,23-Jan-17,5654.8,5686.9,5604.3,5611,-
153,20-Jan-17,5692.2,5692.2,5646.6,5654.8,-
154,19-Jan-17,5678.8,5720.9,5676.4,5692.2,-
155,,,,,,
156,18-Jan-17,5699.4,5699.4,5657,5678.8,-
157,17-Jan-17,5748.4,5748.4,5695.2,5699.4,-
158,16-Jan-17,5721.1,5763.4,5721.1,5748.4,-
159,13-Jan-17,5766.9,5770.1,5710,5721.1,-
160,12-Jan-17,5771.5,5801.2,5758.8,5766.9,-
161,11-Jan-17,5760.7,5791.6,5760.7,5771.5,-
162,10-Jan-17,5807.4,5807.4,5746.7,5760.7,-
163,9-Jan-17,5755.6,5827.5,5754.6,5807.4,-
164,6-Jan-17,5753.3,5765.2,5747,5755.6,-
165,5-Jan-17,5736.4,5759.5,5736.4,5753.3,-
166,4-Jan-17,5733.2,5741.7,5728.6,5736.4,-
167,3-Jan-17,5667.4,5736.9,5667.4,5733.2,-
168,30-Dec-16,5699.1,5699.1,5665.8,5665.8,-
169,29-Dec-16,5685,5699.1,5659,5699.1,-
170,28-Dec-16,5627.9,5693.8,5627.9,5685,-
171,23-Dec-16,5643.9,5649.8,5619.1,5627.9,-
172,22-Dec-16,5613.5,5644.2,5603.4,5643.9,-
173,21-Dec-16,5591.1,5628,5591.1,5613.5,-
174,20-Dec-16,5562.1,5606.8,5557.1,5591.1,-
175,19-Dec-16,5532.9,5577.9,5530.9,5562.1,-
176,16-Dec-16,5538.6,5549.9,5510,5532.9,-
177,15-Dec-16,5584.6,5584.6,5517.9,5538.6,-
178,14-Dec-16,5545,5595.7,5545,5584.6,-
179,13-Dec-16,5562.8,5573.7,5543.5,5545,-
180,12-Dec-16,5560.6,5583.2,5552.5,5562.8,-
181,9-Dec-16,5543.6,5566.1,5541.3,5560.6,-
182,8-Dec-16,5478.1,5550.2,5478.1,5543.6,-
183,7-Dec-16,5428.7,5478.1,5428.7,5478.1,-
184,6-Dec-16,5400.4,5451.3,5400.4,5428.7,-
185,5-Dec-16,5444,5444,5383.8,5400.4,-
186,,,,,,
187,2-Dec-16,5500.2,5500.2,5444,5444,-
188,1-Dec-16,5440.5,5500.2,5440.5,5500.2,-
189,30-Nov-16,5457.5,5458.1,5423.2,5440.5,-
190,29-Nov-16,5464.4,5486.6,5453.3,5457.5,-
191,28-Nov-16,5507.8,5507.8,5464.4,5464.4,-
192,25-Nov-16,5485.1,5520.9,5478.9,5507.8,-
193,24-Nov-16,5484.4,5503.3,5471.8,5485.1,-
194,23-Nov-16,5413.3,5488.5,5413.3,5484.4,-
195,22-Nov-16,5351.3,5425.5,5351.3,5413.3,-
196,21-Nov-16,5359.4,5364,5334.9,5351.3,-
197,18-Nov-16,5338.5,5366.4,5338.5,5359.4,-
198,17-Nov-16,5327.7,5344.7,5286.2,5338.5,-
199,16-Nov-16,5326.2,5346.7,5320.3,5327.7,-
200,15-Nov-16,5345.7,5345.7,5303.3,5326.2,-
201,14-Nov-16,5370.7,5370.7,5315.3,5345.7,-
202,11-Nov-16,5328.8,5370.7,5328.8,5370.7,-
203,10-Nov-16,5156.6,5328.8,5156.6,5328.8,-
204,9-Nov-16,5257.8,5314.1,5052.1,5156.6,-
205,8-Nov-16,5250.8,5282.4,5244.3,5257.8,-
206,7-Nov-16,5180.8,5251.9,5180.8,5250.8,-
207,4-Nov-16,5225.6,5225.6,5178,5180.8,-
208,3-Nov-16,5229,5241.2,5201.5,5225.6,-
209,2-Nov-16,5290.5,5290.5,5207.7,5229,-
210,1-Nov-16,5317.7,5317.7,5271.7,5290.5,-
211,31-Oct-16,5283.8,5329.1,5277.7,5317.7,-
212,28-Oct-16,5295.5,5311.4,5261.4,5283.8,-
213,27-Oct-16,5359.8,5374.2,5295.5,5295.5,-
214,26-Oct-16,5442.8,5442.8,5340.7,5359.8,-
215,25-Oct-16,5408.5,5455.7,5407.7,5442.8,-
216,24-Oct-16,5430.3,5430.3,5377.4,5408.5,-
217,,,,,,
218,21-Oct-16,5442.1,5446.9,5410.8,5430.3,-
219,20-Oct-16,5435.4,5457.9,5433.1,5442.1,-
220,19-Oct-16,5410.8,5438.6,5410.8,5435.4,-
221,18-Oct-16,5388.7,5417.5,5386.1,5410.8,-
222,17-Oct-16,5434,5441.2,5388.7,5388.7,-
223,14-Oct-16,5435.5,5447.2,5430.3,5434,-
224,13-Oct-16,5474.6,5474.6,5420.8,5435.5,-
225,12-Oct-16,5479.8,5479.8,5433.6,5474.6,-
226,11-Oct-16,5475.4,5498,5474.4,5479.8,-
227,10-Oct-16,5467.4,5494.7,5467.4,5475.4,-
228,7-Oct-16,5483,5493.1,5457.2,5467.4,-
229,6-Oct-16,5452.9,5485.8,5452.9,5483,-
230,5-Oct-16,5484,5484,5439.8,5452.9,-
231,4-Oct-16,5478.5,5484,5448.3,5484,-
232,3-Oct-16,5435.9,5492.1,5435.9,5478.5,-
233,30-Sep-16,5471.3,5471.3,5417.7,5435.9,-
234,29-Sep-16,5412.4,5473.3,5412.4,5471.3,-
235,28-Sep-16,5405.9,5435,5399.1,5412.4,-
236,27-Sep-16,5431.4,5431.4,5372.3,5405.9,-
237,26-Sep-16,5431.3,5436.1,5407.6,5431.4,-
238,23-Sep-16,5374.5,5434.3,5373.9,5431.3,-
239,22-Sep-16,5339.6,5391.9,5339.6,5374.5,-
240,21-Sep-16,5303.6,5345.5,5303.1,5339.6,-
241,20-Sep-16,5294.8,5307.6,5276.3,5303.6,-
242,19-Sep-16,5296.7,5301.2,5273,5294.8,-
243,16-Sep-16,5239.9,5306.1,5239.9,5296.7,-
244,15-Sep-16,5227.7,5242.5,5204,5239.9,-
245,14-Sep-16,5207.8,5230.6,5192.2,5227.7,-
246,13-Sep-16,5219.6,5276.1,5207.8,5207.8,-
247,12-Sep-16,5339.2,5339.2,5215,5219.6,-
248,,,,,,
249,9-Sep-16,5385.8,5385.8,5332.4,5339.2,-
250,8-Sep-16,5424.2,5424.2,5358,5385.8,-
251,7-Sep-16,5413.6,5440.2,5410.6,5424.2,-
252,6-Sep-16,5429.6,5430.3,5404.4,5413.6,-
253,5-Sep-16,5372.8,5431.1,5372.8,5429.6,-
254,2-Sep-16,5415.6,5418.9,5361.7,5372.8,-
255,1-Sep-16,5433,5433,5405.7,5415.6,-
256,31-Aug-16,5478.3,5478.3,5412.6,5433,-
257,30-Aug-16,5469.2,5504,5469.2,5478.3,-
258,29-Aug-16,5515.5,5516.7,5452.3,5469.2,-
259,26-Aug-16,5541.9,5544.4,5513.7,5515.5,-
260,25-Aug-16,5561.7,5562.4,5535.4,5541.9,-
261,24-Aug-16,5553.8,5569.1,5552.5,5561.7,-
262,23-Aug-16,5515.1,5574,5515.1,5553.8,-
263,22-Aug-16,5526.7,5537.4,5508.7,5515.1,-
264,19-Aug-16,5507.8,5533.1,5504.5,5526.7,-
265,18-Aug-16,5535,5546,5498.7,5507.8,-
266,17-Aug-16,5532,5537.9,5506.7,5535,-
267,16-Aug-16,5540,5549.8,5530.1,5532,-
268,15-Aug-16,5530.9,5545.2,5510.8,5540,-
269,12-Aug-16,5508,5549.1,5506.2,5530.9,-
270,11-Aug-16,5543.7,5543.7,5483.7,5508,-
271,10-Aug-16,5552.5,5552.5,5513.2,5543.7,-
272,9-Aug-16,5537.8,5553.8,5536.2,5552.5,-
273,8-Aug-16,5497.4,5549.6,5497.4,5537.8,-
274,5-Aug-16,5475.8,5512.5,5475.8,5497.4,-
275,4-Aug-16,5465.7,5509.2,5465.7,5475.8,-
276,3-Aug-16,5539.3,5539.3,5465.7,5465.7,-
277,2-Aug-16,5587.4,5592.1,5539.3,5540.5,-
278,1-Aug-16,5562.4,5611.2,5562.4,5587.4,-
279,,,,,,
280,29-Jul-16,5556.6,5570.4,5536.9,5562.4,-
281,28-Jul-16,5539.7,5564,5538.8,5556.6,-
282,27-Jul-16,5537.5,5564.6,5530,5539.7,-
283,26-Jul-16,5530.2,5537.5,5498.2,5537.5,-
284,25-Jul-16,5498.2,5548.5,5498.2,5533.6,-
285,22-Jul-16,5512.6,5512.6,5477.9,5498.2,-
286,21-Jul-16,5488.7,5531.9,5488.7,5512.4,-
287,20-Jul-16,5451.3,5488.7,5439.8,5488.7,-
288,19-Jul-16,5458.5,5466.4,5432.8,5451.3,-
289,18-Jul-16,5429.6,5462.3,5428.9,5458.5,-
290,15-Jul-16,5411.6,5452.7,5411.6,5429.6,-
291,14-Jul-16,5388.5,5416,5386,5411.6,-
292,13-Jul-16,5353.2,5391.7,5353.2,5388.5,-
293,12-Jul-16,5337.1,5391.9,5337.1,5353.2,-
294,11-Jul-16,5230.5,5337.1,5230.5,5337.1,-
295,8-Jul-16,5227.9,5238.3,5217.4,5230.5,-
296,7-Jul-16,5197.5,5244.1,5197.5,5227.9,-
297,6-Jul-16,5228,5228,5148.7,5197.5,-
298,5-Jul-16,5281.8,5282.3,5221.1,5228,-
299,4-Jul-16,5246.6,5281.8,5218.5,5281.8,-
300,1-Jul-16,5233.4,5278.9,5233.4,5246.6,-
301,30-Jun-16,5142.4,5247.6,5142.4,5233.4,-
302,29-Jun-16,5103.3,5156.5,5103.3,5142.4,-
303,28-Jun-16,5137.2,5137.2,5051.1,5103.3,-
304,27-Jun-16,5113.2,5154.9,5051,5137.2,-
305,24-Jun-16,5280.7,5325.4,5080,5113.2,-
306,23-Jun-16,5271,5292.8,5269.4,5280.7,-
307,22-Jun-16,5274.4,5297.8,5259.3,5270.9,-
308,21-Jun-16,5256.8,5290,5252.3,5274.4,-
309,20-Jun-16,5162.7,5256.8,5162.7,5256.8,-
310,,,,,,
311,17-Jun-16,5146,5178.4,5146,5162.7,-
312,16-Jun-16,5147.1,5198.9,5141,5146,-
313,15-Jun-16,5203.3,5203.3,5147.1,5147.1,-
314,14-Jun-16,5312.6,5312.6,5197.4,5203.3,-
315,10-Jun-16,5361.9,5361.9,5294.2,5312.6,-
316,9-Jun-16,5370,5386,5336,5361.9,-
317,8-Jun-16,5371,5375.5,5335.2,5370,-
318,7-Jun-16,5360.1,5392.5,5360.1,5371,-
319,6-Jun-16,5318.9,5374.9,5317.1,5360.4,-
320,3-Jun-16,5278.9,5324.3,5278.9,5318.9,-
321,2-Jun-16,5323.2,5327.8,5270.9,5278.9,-
322,1-Jun-16,5378.6,5378.6,5306.3,5323.2,-
323,31-May-16,5408,5408,5365.3,5378.6,-
324,30-May-16,5405.9,5415,5391.5,5408,-
325,27-May-16,5388.1,5427.7,5388.1,5405.9,-
326,26-May-16,5372.5,5402.7,5354.1,5388.1,-
327,25-May-16,5295.6,5394.4,5295.6,5372.5,-
328,24-May-16,5318.9,5324,5295.6,5295.6,-
329,23-May-16,5351.3,5364.6,5297.5,5318.9,-
330,20-May-16,5323.3,5366,5320.3,5351.3,-
331,19-May-16,5356.2,5371.1,5303.1,5323.3,-
332,18-May-16,5395.9,5395.9,5347.1,5356.2,-
333,17-May-16,5358.9,5395.9,5358.9,5395.9,-
334,16-May-16,5329,5371.1,5319.8,5358.9,-
335,13-May-16,5359.3,5371.7,5309,5329,-
336,12-May-16,5372.3,5372.3,5337.6,5359.3,-
337,11-May-16,5342.8,5425.2,5342.8,5372.3,-
338,10-May-16,5320.7,5343.2,5288.4,5342.8,-
339,9-May-16,5292,5321.4,5264.4,5320.7,-
340,6-May-16,5281.6,5292,5200.3,5292,-
341,,,,,,
342,5-May-16,5271.1,5294.1,5249.8,5279.1,-
343,4-May-16,5353.8,5353.8,5271.1,5271.1,-
344,3-May-16,5243,5357,5217.4,5353.8,-
345,2-May-16,5252.2,5252.2,5182.2,5243,-
346,29-Apr-16,5225.4,5257.1,5210.5,5252.2,-
347,28-Apr-16,5187.7,5239.3,5187.7,5225.4,-
348,27-Apr-16,5220.6,5281.6,5179.5,5187.7,-
349,26-Apr-16,5236.4,5247.3,5211.4,5220.6,-
350,22-Apr-16,5272.7,5273.5,5226.2,5236.4,-
351,21-Apr-16,5216,5279.9,5216,5272.7,-
352,20-Apr-16,5188.8,5232.7,5188.8,5216,-
353,19-Apr-16,5137.1,5219,5137.1,5188.8,-
354,18-Apr-16,5157.5,5157.6,5118.5,5137.1,-
355,15-Apr-16,5118.5,5157.5,5111.7,5157.5,-
356,14-Apr-16,5054.7,5118.6,5054.7,5118.6,-
357,13-Apr-16,4975.6,5054.7,4975.6,5054.7,-
358,12-Apr-16,4931.5,4977.2,4927.3,4975.6,-
359,11-Apr-16,4937.6,4943.2,4910.8,4931.5,-
360,8-Apr-16,4960.9,4960.9,4893.5,4937.6,-
361,7-Apr-16,4945.9,4984.9,4945.1,4964.1,-
362,6-Apr-16,4924.4,4958.2,4906.3,4945.9,-
363,5-Apr-16,4995.3,4995.3,4909.1,4924.4,-
364,4-Apr-16,4999.4,5046.3,4995.3,4995.3,-
365,1-Apr-16,5082.8,5082.8,4976.3,4999.4,-
366,31-Mar-16,5010.3,5098.2,5010.3,5082.8,-
367,30-Mar-16,5004.5,5058.8,4989.9,5010.3,-
368,29-Mar-16,5084.2,5095.7,4998.5,5004.5,-
369,24-Mar-16,5142.3,5142.3,5069.2,5084.2,-
370,23-Mar-16,5166.6,5166.6,5124,5142.3,-
371,22-Mar-16,5161.5,5181.6,5152.6,5166.6,-
372,,,,,,
373,21-Mar-16,5183.1,5195.7,5148.6,5166.6,-
374,18-Mar-16,5168.2,5216.2,5168.2,5183.1,-
375,17-Mar-16,5119,5193.5,5119,5168.2,-
376,16-Mar-16,5111.4,5122.4,5088.2,5119,-
377,15-Mar-16,5185.5,5185.5,5106.5,5111.4,-
378,14-Mar-16,5166.4,5214,5166.4,5185.5,-
379,11-Mar-16,5150.1,5181.6,5118.5,5166.4,-
380,10-Mar-16,5157.2,5177.2,5149.7,5150.1,-
381,9-Mar-16,5108,5157.2,5081.9,5157.2,-
382,8-Mar-16,5142.8,5182.5,5103.4,5108,-
383,7-Mar-16,5090,5151.7,5090,5142.8,-
384,4-Mar-16,5081.1,5105,5081.1,5090,-
385,3-Mar-16,5021.2,5081.1,5021.2,5081.1,-
386,2-Mar-16,4922.3,5047,4922.3,5021.2,-
387,1-Mar-16,4880.9,4931.7,4868.1,4922.3,-
388,29-Feb-16,4880,4925.7,4878.8,4880.9,-
389,26-Feb-16,4881.2,4897.1,4838.3,4880,-
390,25-Feb-16,4875,4902,4844.3,4881.2,-
391,24-Feb-16,4979.6,4979.6,4861.9,4875,-
392,23-Feb-16,5001.2,5035.6,4969.4,4979.6,-
393,22-Feb-16,4952.8,5007.4,4949.2,5001.2,-
394,19-Feb-16,4992,4992,4937,4952.8,-
395,18-Feb-16,4882.1,4992.6,4882.1,4992,-
396,17-Feb-16,4910,4926.3,4869.7,4882.1,-
397,16-Feb-16,4843.5,4910,4814.1,4910,-
398,15-Feb-16,4765.3,4853.9,4765.3,4843.5,-
399,12-Feb-16,4821.1,4821.1,4760.3,4765.3,-
400,11-Feb-16,4775.7,4821.1,4770.7,4821.1,-
401,10-Feb-16,4832.1,4852.4,4706.7,4775.7,-
402,9-Feb-16,4975.4,4975.4,4826.9,4832.1,-
403,,,,,,
404,8-Feb-16,4976.2,4980,4925.8,4975.4,-
405,5-Feb-16,4980.4,4983.3,4932.9,4976.2,-
406,4-Feb-16,4876.8,4989.4,4876.8,4980.4,-
407,3-Feb-16,4993.3,4993.3,4873.6,4876.8,-
408,2-Feb-16,5043.6,5045.4,4982.2,4993.3,-
409,1-Feb-16,5005.5,5073,5005.5,5043.6,-
410,29-Jan-16,4976.2,5008.5,4947.6,5005.5,-
411,28-Jan-16,4946.4,4988.9,4909.4,4976.2,-
412,27-Jan-16,5006.6,5009.5,4937.9,4946.4,-
413,25-Jan-16,4916,5006.6,4916,5006.6,-
414,22-Jan-16,4883.6,4932.1,4864,4916,-
415,21-Jan-16,4841.5,4928.1,4841.5,4864,-
416,20-Jan-16,4903.1,4930.1,4836.8,4841.5,-
417,19-Jan-16,4857.3,4903.1,4840.2,4903.1,-
418,18-Jan-16,4869.2,4892.8,4803.9,4858.7,-
419,15-Jan-16,4929.8,4997.1,4870.3,4892.8,-
420,14-Jan-16,4987.4,4987.4,4865,4909.4,-
421,13-Jan-16,4925.1,4992.4,4925.1,4987.4,-
422,12-Jan-16,4932.2,4983.7,4910.7,4925.1,-
423,11-Jan-16,4990.8,4990.8,4880.1,4932.2,-
424,8-Jan-16,5010.3,5034.3,4940.3,4990.8,-
425,7-Jan-16,5123.1,5124.1,4996.5,5010.3,-
426,6-Jan-16,5184.4,5191.1,5094.8,5123.1,-
427,5-Jan-16,5270.5,5270.5,5183.7,5184.4,-
428,4-Jan-16,5295.9,5331.4,5263.8,5270.5,-
429,31-Dec-15,5319.9,5325.8,5295.9,5295.9,-
430,30-Dec-15,5267.3,5324.3,5267.3,5319.9,-
431,29-Dec-15,5207.6,5267.3,5189.1,5267.3,-
432,24-Dec-15,5141.8,5211.5,5141.8,5207.6,-
433,23-Dec-15,5116.7,5168.6,5116.7,5141.8,-
434,,,,,,
435,22-Dec-15,5109,5159.9,5103.1,5116.7,-
436,21-Dec-15,5106.7,5126.3,5075.2,5109,-
437,18-Dec-15,5102,5112.7,5026.6,5106.7,-
438,17-Dec-15,5028.4,5129.1,5028.4,5102,-
439,16-Dec-15,4909.6,5028.4,4909.6,5028.4,-
440,15-Dec-15,4928.6,4969.4,4909.6,4909.6,-
441,14-Dec-15,5029.5,5029.5,4928,4928.6,-
442,11-Dec-15,5037.7,5067.4,5015.3,5029.5,-
443,10-Dec-15,5080.7,5083.8,4995.6,5037.7,-
444,9-Dec-15,5108.6,5119.5,5069.6,5080.5,-
445,8-Dec-15,5155.7,5155.7,5096.7,5108.6,-
446,7-Dec-15,5151.6,5229.9,5151.6,5155.7,-
447,4-Dec-15,5227.7,5227.7,5117.6,5151.6,-
448,3-Dec-15,5258.3,5258.3,5200.4,5227.7,-
449,2-Dec-15,5266.1,5269.3,5237.5,5258.3,-
450,1-Dec-15,5166.5,5279.3,5166.5,5266.1,-
451,30-Nov-15,5202.6,5213.1,5166.2,5166.5,-
452,27-Nov-15,5210.7,5258.6,5195.4,5202.6,-
453,26-Nov-15,5193.7,5253.6,5185.8,5210.7,-
454,25-Nov-15,5226.4,5231.2,5192.1,5193.7,-
455,24-Nov-15,5276.4,5276.4,5226.4,5226.4,-
456,23-Nov-15,5256.1,5285.5,5244,5276.4,-
457,20-Nov-15,5242.6,5272,5231,5256.1,-
458,19-Nov-15,5133.1,5242.6,5133.1,5242.6,-
459,18-Nov-15,5118.2,5145.5,5082.7,5133.1,-
460,17-Nov-15,5003.8,5118.2,5003.8,5118.2,-
461,16-Nov-15,5051.3,5051.3,4979.2,5003.8,-
462,13-Nov-15,5125.7,5125.7,5010.4,5051.3,-
463,12-Nov-15,5122.6,5150.1,5083.2,5125.7,-
464,11-Nov-15,5099.2,5130.9,5092.6,5122.6,-
465,,,,,,
466,10-Nov-15,5119.5,5119.5,5047,5099.2,-
467,9-Nov-15,5215,5215,5102.8,5119.5,-
468,6-Nov-15,5171.2,5216.6,5152.8,5215,-
469,5-Nov-15,5242.3,5247.6,5167.4,5193,-
470,4-Nov-15,5239.2,5313.7,5235.6,5242.3,-
471,3-Nov-15,5165.8,5246.4,5165.8,5239.2,-
472,2-Nov-15,5239.4,5249.3,5162.7,5165.8,-
473,30-Oct-15,5266.9,5266.9,5204,5239.4,-
474,29-Oct-15,5335.2,5353.5,5257.1,5266.9,-
475,28-Oct-15,5346.2,5354.9,5319.4,5335.2,-
476,27-Oct-15,5348,5355.8,5339.7,5346.2,-
477,26-Oct-15,5351.6,5384.8,5346.5,5348,-
478,23-Oct-15,5263.8,5374.5,5263.8,5351.6,-
479,22-Oct-15,5248.3,5264.7,5217.6,5263.8,-
480,21-Oct-15,5235.6,5260,5195.4,5248.3,-
481,20-Oct-15,5269.7,5269.7,5228.7,5235.6,-
482,19-Oct-15,5268.2,5294,5254.9,5269.7,-
483,16-Oct-15,5230,5294.3,5230,5268.2,-
484,15-Oct-15,5197.3,5238.9,5197.3,5230,-
485,14-Oct-15,5202.9,5202.9,5164.2,5197.3,-
486,13-Oct-15,5232.9,5232.9,5173.3,5202.9,-
487,12-Oct-15,5279.7,5279.8,5225.3,5232.9,-
488,9-Oct-15,5210.4,5284,5210.4,5279.7,-
489,8-Oct-15,5197.9,5256,5197.9,5210.4,-
490,7-Oct-15,5167.4,5197.9,5136.3,5197.9,-
491,6-Oct-15,5151.1,5220,5151.1,5167.4,-
492,5-Oct-15,5052,5153.6,5052,5150.5,-
493,2-Oct-15,5112.1,5119.2,5042.8,5052,-
494,1-Oct-15,5021.7,5116.7,5021.7,5112.1,-
495,30-Sep-15,4918.4,5022,4918.4,5021.6,-
496,,,,,,
497,29-Sep-15,5098.8,5098.8,4918.4,4918.4,-
498,28-Sep-15,5042.1,5113.5,5031.8,5113.5,-
499,25-Sep-15,5071.7,5116.3,5036.1,5042.1,-
500,24-Sep-15,4998.1,5071.7,4998.1,5071.7,-
501,23-Sep-15,5103.6,5103.6,4988.8,4998.1,-
502,22-Sep-15,5066.2,5125,5066.2,5103.6,-
503,21-Sep-15,5170.5,5170.5,5027.4,5066.2,-
504,18-Sep-15,5146.8,5195,5093.2,5170.5,-
505,17-Sep-15,5098.9,5194,5098.9,5146.8,-
506,16-Sep-15,5018.4,5099,5018.4,5098.9,-
507,15-Sep-15,5096.5,5103.5,5017.8,5018.4,-
508,14-Sep-15,5071.1,5132.4,5068.9,5096.5,-
509,11-Sep-15,5095,5116.1,5053.7,5071.1,-
510,10-Sep-15,5221.1,5221.1,5088.7,5095,-
511,9-Sep-15,5115.2,5221.1,5115.2,5221.1,-
512,8-Sep-15,5030.4,5115.2,5030.4,5115.2,-
513,7-Sep-15,5040.6,5046.3,4973.4,5030.4,-
514,4-Sep-15,5036.3,5069.2,4995.6,5040.6,-
515,3-Sep-15,5101.5,5175.3,5027.8,5027.8,-
516,2-Sep-15,5096.4,5103.9,5015,5101.5,-
517,1-Sep-15,5207,5214,5091,5096.4,-
518,31-Aug-15,5263.6,5263.6,5159.4,5207,-
519,28-Aug-15,5233.3,5305,5228.6,5263.6,-
520,27-Aug-15,5172.8,5268.8,5172.8,5233.3,-
521,26-Aug-15,5137.3,5179.2,5051.4,5172.8,-
522,25-Aug-15,5001.3,5151.7,4928.3,5137.3,-
523,24-Aug-15,5214.6,5207.6,5001.3,5001.3,-
524,21-Aug-15,5288.6,5288.6,5171.5,5214.6,-
525,20-Aug-15,5380.2,5380.2,5276.2,5288.6,-
526,19-Aug-15,5303.1,5383.2,5303.1,5380.2,-
527,,,,,,
528,18-Aug-15,5367.7,5387.8,5303.1,5303.1,-
529,17-Aug-15,5356.5,5397,5356.5,5367.7,-
530,14-Aug-15,5387.9,5401.9,5351.5,5356.5,-
531,13-Aug-15,5382.1,5426.2,5382.1,5387.9,-
532,12-Aug-15,5473.2,5480.5,5364.7,5382.1,-
533,11-Aug-15,5509.2,5543.2,5463,5473.2,-
534,10-Aug-15,5474.8,5513,5458.2,5509.2,-
535,7-Aug-15,5610.1,5610.1,5474.8,5474.8,-
536,6-Aug-15,5674,5674,5588.4,5610.1,-
537,5-Aug-15,5697.9,5700.6,5640,5674,-
538,4-Aug-15,5679.3,5727.7,5659.4,5697.9,-
539,3-Aug-15,5699.2,5703.9,5670.2,5679.3,-
540,31-Jul-15,5669.5,5699.5,5669.5,5699.2,-
541,30-Jul-15,5624.2,5676.5,5624.2,5669.5,-
542,29-Jul-15,5584.7,5650.5,5584.7,5624.2,-
543,28-Jul-15,5589.9,5607.1,5530.9,5584.7,-
544,27-Jul-15,5566.1,5589.9,5538,5589.9,-
545,24-Jul-15,5590.3,5607.2,5548,5566.1,-
546,23-Jul-15,5614.6,5617.5,5586.2,5590.3,-
547,22-Jul-15,5706.7,5706.7,5614,5614.6,-
548,21-Jul-15,5686.9,5718.9,5686.8,5706.7,-
549,20-Jul-15,5670.1,5688.3,5651.6,5686.9,-
550,17-Jul-15,5669.6,5688.9,5647.7,5670.1,-
551,16-Jul-15,5636.2,5691.2,5636.2,5669.6,-
552,15-Jul-15,5577.4,5637.6,5576.9,5636.2,-
553,14-Jul-15,5473.2,5587.1,5473.2,5577.4,-
554,13-Jul-15,5492,5543.3,5451.1,5473.2,-
555,10-Jul-15,5471,5528.4,5471,5492,-
556,9-Jul-15,5469.5,5491.2,5383.7,5471,-
557,8-Jul-15,5581.4,5581.4,5469.5,5469.5,-
558,,,,,,
559,7-Jul-15,5475,5586.2,5475,5581.4,-
560,6-Jul-15,5538.3,5538.3,5436.4,5475,-
561,3-Jul-15,5599.8,5599.8,5491.1,5538.3,-
562,2-Jul-15,5515.7,5609.9,5513.4,5599.8,-
563,1-Jul-15,5459,5515.7,5452.8,5515.7,-
564,30-Jun-15,5422.5,5466.6,5390.5,5459,-
565,29-Jun-15,5545.9,5545.9,5414.3,5422.5,-
566,26-Jun-15,5632.7,5632.7,5524.1,5545.9,-
567,25-Jun-15,5686.8,5686.8,5632.7,5632.7,-
568,24-Jun-15,5684.3,5705.8,5679.5,5686.8,-
569,23-Jun-15,5610.2,5690.4,5610.2,5684.3,-
570,22-Jun-15,5597,5612.6,5568.2,5610.2,-
571,19-Jun-15,5524.9,5612.2,5524.9,5597,-
572,18-Jun-15,5595.4,5595.4,5502.9,5524.9,-
573,17-Jun-15,5535.8,5607.1,5535.8,5595.4,-
574,16-Jun-15,5538.8,5574.2,5527.7,5535.8,-
575,15-Jun-15,5545.3,5545.3,5492.1,5538.8,-
576,12-Jun-15,5556.7,5556.7,5528.9,5545.3,-
577,11-Jun-15,5478.6,5556.7,5478.6,5556.7,-
578,10-Jun-15,5471.3,5485.1,5453.1,5478.6,-
579,9-Jun-15,5498.5,5523.9,5468.5,5471.3,-
580,5-Jun-15,5504.3,5529.9,5470,5498.5,-
581,4-Jun-15,5583.6,5603.2,5504.3,5504.3,-
582,3-Jun-15,5636,5640.5,5575.2,5583.6,-
583,2-Jun-15,5735.4,5753.3,5636,5636,-
584,1-Jun-15,5777.2,5777.2,5682.1,5735.4,-
585,29-May-15,5713.1,5803,5713.1,5777.2,-
586,28-May-15,5725.3,5745.8,5691.9,5713.1,-
587,27-May-15,5773.4,5773.4,5716,5725.3,-
588,26-May-15,5721.5,5775.3,5721.5,5773.4,-
589,,,,,,
590,25-May-15,5664.7,5733.3,5664.7,5721.5,-
591,22-May-15,5662.3,5692.1,5655.1,5664.7,-
592,21-May-15,5610.3,5665.8,5610.3,5662.3,-
593,20-May-15,5615.5,5625.6,5574.6,5610.3,-
594,19-May-15,5659.2,5673.3,5611.2,5615.5,-
595,18-May-15,5735.5,5735.5,5659.2,5659.2,-
596,15-May-15,5696.6,5747,5696.6,5735.5,-
597,14-May-15,5715.1,5715.1,5663.5,5696.6,-
598,13-May-15,5674.7,5717.1,5668.6,5715.1,-
599,12-May-15,5625.2,5685,5616,5674.7,-
600,11-May-15,5634.6,5698.7,5622.8,5625.2,-
601,8-May-15,5645.7,5689.1,5634.6,5634.6,-
602,7-May-15,5692.2,5692.2,5606.7,5645.7,-
603,6-May-15,5826.5,5826.5,5692.2,5692.2,-
604,5-May-15,5827.5,5901.8,5802.2,5826.5,-
605,4-May-15,5814.4,5846.6,5793,5827.5,-
606,1-May-15,5790,5825.1,5769.6,5814.4,-
607,30-Apr-15,5838.6,5838.6,5749.9,5790,-
608,29-Apr-15,5948.5,5948.5,5838.6,5838.6,-
609,28-Apr-15,5982.7,5984.2,5948.5,5948.5,-
610,27-Apr-15,5933.3,5985.6,5933.3,5982.7,-
611,24-Apr-15,5844.8,5935,5844.8,5933.3,-
612,23-Apr-15,5837.5,5849.1,5825.9,5844.8,-
613,22-Apr-15,5872.3,5873.8,5818.3,5837.5,-
614,21-Apr-15,5833.1,5888.5,5833.1,5872.3,-
615,20-Apr-15,5877.9,5877.9,5807.8,5833.1,-
616,17-Apr-15,5947.5,5947.5,5869.5,5877.9,-
617,16-Apr-15,5908.4,5970.8,5908.4,5947.5,-
618,15-Apr-15,5946.6,5958.9,5893.7,5908.4,-
619,14-Apr-15,5960.3,5960.3,5929.2,5946.6,-
620,,,,,,
621,13-Apr-15,5968.4,5996.4,5959.5,5960.3,-
622,10-Apr-15,5932.2,5968.4,5926,5968.4,-
623,9-Apr-15,5960.7,5964.6,5930.5,5932.2,-
624,8-Apr-15,5926,5974.6,5926,5960.7,-
625,7-Apr-15,5898.6,5981.7,5898.6,5926,-
626,2-Apr-15,5860.8,5907.4,5860.8,5898.6,-
627,1-Apr-15,5891.5,5891.5,5843.9,5860.8,-
628,31-Mar-15,5846.1,5931.5,5846.1,5891.5,-
629,30-Mar-15,5919.9,5919.9,5828.1,5846.1,-
630,27-Mar-15,5879.1,5933.2,5877.1,5919.9,-
631,26-Mar-15,5973.3,5973.3,5879.1,5879.1,-
632,25-Mar-15,5969.1,5988.7,5961.5,5973.3,-
633,24-Mar-15,5956.1,5979.9,5956.1,5969.1,-
634,23-Mar-15,5975.5,5995,5951.5,5956.1,-
635,20-Mar-15,5950.8,5979.8,5927.9,5975.5,-
636,19-Mar-15,5842.3,5953.3,5842.3,5950.8,-
637,18-Mar-15,5842.1,5845.3,5788.6,5842.3,-
638,17-Mar-15,5797.7,5863.4,5797.7,5842.1,-
639,16-Mar-15,5814.5,5814.5,5761.6,5797.7,-
640,13-Mar-15,5850.2,5855.1,5799,5814.5,-
641,12-Mar-15,5793.2,5855.3,5786.3,5850.2,-
642,11-Mar-15,5824.2,5824.2,5748.7,5793.2,-
643,10-Mar-15,5821.3,5856.7,5811.7,5824.2,-
644,9-Mar-15,5898.9,5898.9,5814.7,5821.3,-
645,6-Mar-15,5904.2,5916.4,5870.7,5898.9,-
646,5-Mar-15,5901.6,5904.2,5869.2,5904.2,-
647,4-Mar-15,5933.9,5947.7,5898.1,5901.6,-
648,3-Mar-15,5958.9,5996.9,5903.2,5933.9,-
649,2-Mar-15,5928.8,5983.6,5928.8,5958.9,-
650,27-Feb-15,5908.5,5944.8,5874.8,5928.8,-
651,,,,,,
652,26-Feb-15,5944.9,5944.9,5900,5908.5,-
653,25-Feb-15,5927,5955.5,5914.5,5944.9,-
654,24-Feb-15,5908,5930.4,5884.8,5927,-
655,23-Feb-15,5881.5,5915.8,5869.2,5908,-
656,20-Feb-15,5904.2,5910.8,5872.9,5881.5,-
657,19-Feb-15,5915.7,5946.8,5889.5,5904.2,-
658,18-Feb-15,5858.2,5915.7,5845.6,5915.7,-
659,17-Feb-15,5888.7,5888.7,5844.8,5858.2,-
660,16-Feb-15,5877.5,5893.4,5841.9,5888.7,-
661,13-Feb-15,5743.6,5893.5,5743.6,5877.5,-
662,12-Feb-15,5769.1,5790.5,5739.8,5743.6,-
663,11-Feb-15,5800.6,5818.9,5757.4,5769.1,-
664,10-Feb-15,5814.9,5819.4,5781.2,5800.6,-
665,9-Feb-15,5820.2,5820.2,5779.6,5814.9,-
666,6-Feb-15,5811,5850.9,5809.5,5820.2,-
667,5-Feb-15,5777.3,5819.1,5757.9,5811,-
668,4-Feb-15,5707.4,5805.1,5707.4,5777.3,-
669,3-Feb-15,5625.3,5717.5,5625.3,5707.4,-
670,2-Feb-15,5588.3,5639.4,5588.3,5625.3,-
671,30-Jan-15,5569.5,5619.5,5569.5,5588.3,-
672,29-Jan-15,5552.8,5576.2,5518.6,5569.5,-
673,28-Jan-15,5547.2,5559.1,5521.2,5552.8,-
674,27-Jan-15,5501.8,5547.2,5497.3,5547.2,-
675,23-Jan-15,5419.9,5501.8,5419.9,5501.8,-
676,22-Jan-15,5393.4,5432.4,5393.4,5419.9,-
677,21-Jan-15,5307.7,5393.4,5307.7,5393.4,-
678,20-Jan-15,5309.1,5313.9,5282.4,5307.7,-
679,19-Jan-15,5299.2,5372.4,5299.2,5309.1,-
680,16-Jan-15,5331.4,5333.9,5267.4,5299.2,-
681,15-Jan-15,5353.6,5353.6,5303.7,5331.4,-
682,,,,,,
683,14-Jan-15,5404.7,5405.7,5346.6,5353.6,-
684,13-Jan-15,5422.7,5422.7,5373.7,5404.7,-
685,12-Jan-15,5465.6,5465.6,5419.4,5422.7,-
686,9-Jan-15,5381.5,5465.6,5381.5,5465.6,-
687,8-Jan-15,5353.6,5395.8,5353.6,5381.5,-
688,7-Jan-15,5364.8,5369.8,5318.7,5353.6,-
689,6-Jan-15,5450.3,5450.3,5338.6,5364.8,-
690,5-Jan-15,5435.9,5470.4,5429.6,5450.3,-
691,2-Jan-15,5411,5436.3,5387,5435.9,-
692,31-Dec-14,5416.6,5437.2,5400,5411,-
693,30-Dec-14,5473.8,5486.7,5416.2,5416.6,-
694,29-Dec-14,5394.5,5479.9,5394.5,5473.8,-
695,24-Dec-14,5380.9,5398.2,5366.5,5394.5,-
696,23-Dec-14,5442,5442,5380.9,5380.9,-
697,22-Dec-14,5338.6,5442,5338.6,5442,-
698,19-Dec-14,5210.8,5343.1,5210.8,5338.6,-
699,18-Dec-14,5161.9,5265,5161.9,5210.8,-
700,17-Dec-14,5152.3,5191.3,5150.2,5161.9,-
701,16-Dec-14,5186.1,5186.1,5142.8,5152.3,-
702,15-Dec-14,5219.6,5219.6,5146.1,5186.1,-
703,12-Dec-14,5231,5241.5,5204,5219.6,-
704,11-Dec-14,5259,5259,5188,5231,-
705,10-Dec-14,5282.7,5288.4,5222.4,5259,-
706,9-Dec-14,5372.7,5372.7,5282.7,5282.7,-
707,8-Dec-14,5335.3,5404.1,5335.3,5372.7,-
708,5-Dec-14,5368.8,5389.4,5308.2,5335.3,-
709,4-Dec-14,5321.8,5373.5,5321.8,5368.8,-
710,3-Dec-14,5281.3,5331.6,5261.5,5321.8,-
711,2-Dec-14,5207.7,5284.9,5207.7,5281.3,-
712,1-Dec-14,5313,5317.4,5207.7,5207.7,-
713,,,,,,
714,28-Nov-14,5400.9,5400.9,5313,5313,-
715,27-Nov-14,5396.2,5411.9,5391.5,5400.9,-
716,26-Nov-14,5334.8,5396.2,5334.8,5396.2,-
717,25-Nov-14,5361.8,5361.8,5296.8,5334.8,-
718,24-Nov-14,5304.3,5378,5304.3,5361.8,-
719,21-Nov-14,5316.2,5327.2,5292.9,5304.3,-
720,20-Nov-14,5368.8,5368.8,5315.8,5316.2,-
721,19-Nov-14,5399.7,5399.7,5366.8,5368.8,-
722,18-Nov-14,5412.5,5431.5,5388.2,5399.7,-
723,17-Nov-14,5454.3,5460.3,5406.2,5412.5,-
724,14-Nov-14,5432.3,5457.4,5419.3,5454.3,-
725,13-Nov-14,5463.1,5470.6,5433.6,5442.7,-
726,12-Nov-14,5517.1,5517.1,5459.5,5463.1,-
727,11-Nov-14,5524,5533.8,5508.4,5517.1,-
728,10-Nov-14,5549.1,5550.3,5501.4,5524,-
729,7-Nov-14,5506.1,5549.1,5500.3,5549.1,-
730,6-Nov-14,5517.9,5547.5,5493,5506.1,-
731,5-Nov-14,5519.9,5519.9,5481,5517.9,-
732,4-Nov-14,5506.9,5530.9,5503.8,5519.9,-
733,3-Nov-14,5526.6,5535.7,5499.1,5506.9,-
734,31-Oct-14,5476.2,5526.6,5476.2,5526.6,-
735,30-Oct-14,5447.7,5476.9,5447.6,5476.2,-
736,29-Oct-14,5452.6,5481.6,5441.3,5447.7,-
737,28-Oct-14,5459,5459,5433.1,5452.6,-
738,27-Oct-14,5412.2,5462.3,5412.2,5459,-
739,24-Oct-14,5383.1,5425.7,5383.1,5412.2,-
740,23-Oct-14,5385.9,5389.2,5364.5,5383.1,-
741,22-Oct-14,5325,5388,5325,5385.9,-
742,21-Oct-14,5319.4,5344.5,5312.1,5325,-
743,20-Oct-14,5271.7,5342,5271.7,5319.4,-
744,,,,,,
745,17-Oct-14,5254.9,5308.5,5254.9,5271.7,-
746,16-Oct-14,5245.6,5258.6,5162.4,5254.9,-
747,15-Oct-14,5207.4,5252.8,5206.1,5245.6,-
748,14-Oct-14,5155.5,5217.7,5130.7,5207.4,-
749,13-Oct-14,5188.3,5188.3,5122,5155.5,-
750,10-Oct-14,5296.7,5295.7,5187.6,5188.3,-
751,9-Oct-14,5241.3,5324.6,5241.3,5296.7,-
752,8-Oct-14,5284.2,5284.2,5209.7,5241.3,-
753,7-Oct-14,5292.9,5319.6,5208.3,5284.2,-
754,3-Oct-14,5297.7,5318.6,5281.2,5318.2,-
755,2-Oct-14,5334.1,5334.1,5283,5297.7,-
756,1-Oct-14,5292.8,5337.2,5244,5334.1,-
757,30-Sep-14,5264.2,5292.8,5253.1,5292.8,-
758,29-Sep-14,5313.4,5313.4,5259.9,5264.2,-
759,26-Sep-14,5382.2,5382.2,5309.8,5313.4,-
760,25-Sep-14,5375.8,5412.9,5373.3,5382.2,-
761,24-Sep-14,5415.7,5415.7,5356.9,5375.8,-
762,23-Sep-14,5363,5423.2,5338,5415.7,-
763,22-Sep-14,5433.1,5434,5351.1,5363,-
764,19-Sep-14,5415.8,5443.2,5415.5,5433.1,-
765,18-Sep-14,5407.3,5431.7,5373.4,5415.8,-
766,17-Sep-14,5445.4,5462.1,5400.2,5407.3,-
767,16-Sep-14,5473.5,5484.5,5440.5,5445.4,-
768,15-Sep-14,5531.1,5531.1,5473.5,5473.5,-
769,12-Sep-14,5546.1,5548.7,5509.8,5531.1,-
770,11-Sep-14,5574.3,5597.4,5543.5,5546.1,-
771,10-Sep-14,5607.9,5607.9,5557.4,5574.3,-
772,9-Sep-14,5577,5607.9,5575.2,5607.9,-
773,8-Sep-14,5598.7,5601.9,5569,5577,-
774,5-Sep-14,5631.3,5631.3,5592.9,5598.7,-
775,,,,,,
776,4-Sep-14,5656.1,5657.5,5618.8,5631.3,-
777,3-Sep-14,5658.5,5672.7,5643.6,5656.1,-
778,2-Sep-14,5629.8,5658.5,5617.9,5658.5,-
779,1-Sep-14,5625.9,5654,5625.9,5629.8,-
780,29-Aug-14,5624.4,5630.6,5614.3,5625.9,-
781,28-Aug-14,5651.2,5651.3,5619.9,5624.4,-
782,27-Aug-14,5637.6,5652.3,5637.5,5651.2,-
783,26-Aug-14,5634.9,5646.6,5625.9,5637.6,-
784,25-Aug-14,5645.6,5650.2,5625,5634.9,-
785,22-Aug-14,5638.9,5662.7,5638.9,5645.6,-
786,21-Aug-14,5634.6,5679.5,5634.6,5638.9,-
787,20-Aug-14,5623.8,5639.4,5604.2,5634.6,-
788,19-Aug-14,5587.1,5626.6,5582.5,5623.8,-
789,18-Aug-14,5566.5,5587.1,5566.5,5587.1,-
790,15-Aug-14,5548.5,5578.5,5545,5566.5,-
791,14-Aug-14,5514.7,5558.4,5514.7,5548.5,-
792,13-Aug-14,5530.3,5530.3,5503.3,5514.7,-
793,12-Aug-14,5457,5533.6,5457,5530.3,-
794,11-Aug-14,5435.3,5475.9,5435.3,5457,-
795,8-Aug-14,5509,5509,5425.2,5435.3,-
796,7-Aug-14,5512,5522,5490.1,5509,-
797,6-Aug-14,5518.6,5518.7,5495.1,5512,-
798,5-Aug-14,5540.9,5548.7,5509.9,5518.6,-
799,4-Aug-14,5556.4,5556.4,5524.6,5540.9,-
800,1-Aug-14,5632.9,5632.9,5544,5556.4,-
801,31-Jul-14,5622.9,5644.2,5618,5632.9,-
802,30-Jul-14,5588.4,5631.1,5588.4,5622.9,-
803,29-Jul-14,5577.4,5594.2,5565.6,5588.4,-
804,28-Jul-14,5583.5,5587.5,5558.9,5577.4,-
805,25-Jul-14,5587.8,5588.7,5568.6,5583.5,-
806,,,,,,
807,24-Jul-14,5576.7,5592.9,5572.7,5587.8,-
808,23-Jul-14,5543.3,5598.2,5543.3,5576.7,-
809,22-Jul-14,5539.9,5545.5,5530.4,5543.3,-
810,21-Jul-14,5531.7,5552.9,5530.1,5539.9,-
811,18-Jul-14,5522.4,5531.7,5484.1,5531.7,-
812,17-Jul-14,5518.9,5561.1,5518.9,5522.4,-
813,16-Jul-14,5511.3,5527.3,5499.7,5518.9,-
814,15-Jul-14,5511.4,5536.2,5493.9,5511.3,-
815,14-Jul-14,5486.8,5518.6,5486.8,5511.4,-
816,11-Jul-14,5464.4,5503.1,5441.7,5486.8,-
817,10-Jul-14,5452.5,5469.4,5448.5,5464.4,-
818,9-Jul-14,5510.9,5510.9,5439.5,5452.5,-
819,8-Jul-14,5518.9,5520,5500.9,5510.9,-
820,7-Jul-14,5525,5535.9,5514.2,5518.9,-
821,4-Jul-14,5491.2,5531.7,5491.2,5525,-
822,3-Jul-14,5455.4,5499.8,5457.1,5491.2,-
823,2-Jul-14,5375.9,5455.4,5375.9,5455.4,-
824,1-Jul-14,5395.7,5414.9,5370.9,5375.9,-
825,30-Jun-14,5445.1,5445.9,5395.7,5395.7,-
826,27-Jun-14,5464.3,5480.1,5440.7,5445.1,-
827,26-Jun-14,5402,5464.3,5402,5464.3,-
828,25-Jun-14,5432.8,5432.8,5378.8,5402,-
829,24-Jun-14,5453.3,5454.6,5425,5432.8,-
830,23-Jun-14,5419.5,5468.5,5419.5,5453.3,-
831,20-Jun-14,5468.2,5468.2,5418,5419.5,-
832,19-Jun-14,5382.7,5468.2,5382.7,5468.2,-
833,18-Jun-14,5400.7,5404.8,5382.7,5382.7,-
834,17-Jun-14,5412.3,5417,5389,5400.7,-
835,16-Jun-14,5405.1,5412.3,5380.3,5412.3,-
836,13-Jun-14,5428.8,5428.8,5373.6,5405.1,-
837,,,,,,
838,12-Jun-14,5454,5454,5423,5428.8,-
839,11-Jun-14,5469.7,5469.7,5444.8,5454,-
840,10-Jun-14,5464,5496.3,5463.2,5469.7,-
841,6-Jun-14,5436.9,5472.8,5436.9,5464,-
842,5-Jun-14,5444.8,5455.3,5416.8,5436.9,-
843,4-Jun-14,5479.7,5483.2,5442.3,5444.8,-
844,3-Jun-14,5518.5,5526,5478.5,5479.7,-
845,2-Jun-14,5492.5,5522.6,5482,5518.5,-
846,30-May-14,5519.5,5525.1,5492.5,5492.5,-
847,29-May-14,5527.2,5528.5,5503.6,5519.5,-
848,28-May-14,5511.7,5541.7,5511.7,5527.2,-
849,27-May-14,5512.8,5529.5,5506.7,5511.7,-
850,26-May-14,5492.8,5512.9,5492.8,5512.8,-
851,23-May-14,5479.9,5507.4,5479.9,5492.8,-
852,22-May-14,5424.6,5491,5424.6,5479.9,-
853,21-May-14,5420.4,5424.6,5372.1,5424.6,-
854,20-May-14,5409,5433.4,5384.4,5420.4,-
855,19-May-14,5479,5479,5409,5409,-
856,16-May-14,5510.8,5509.7,5471.4,5479,-
857,15-May-14,5496.5,5510.8,5471.5,5510.8,-
858,14-May-14,5498.2,5506,5474,5496.5,-
859,13-May-14,5448.4,5504.6,5448.4,5498.2,-
860,12-May-14,5460.8,5480.8,5432,5448.4,-
861,9-May-14,5476.8,5476.8,5431.5,5460.8,-
862,8-May-14,5435.8,5484.1,5435.8,5476.8,-
863,7-May-14,5481.4,5481.4,5417.4,5435.8,-
864,6-May-14,5462.2,5493,5462.2,5481.4,-
865,5-May-14,5458.1,5486.4,5442.5,5462.2,-
866,2-May-14,5448.8,5458.7,5430.4,5458.1,-
867,1-May-14,5489.1,5500.7,5439.3,5448.8,-
868,,,,,,
869,30-Apr-14,5486.6,5507.6,5463.6,5489.1,-
870,29-Apr-14,5536.1,5554.5,5469.3,5486.6,-
871,28-Apr-14,5531,5548.4,5518.8,5536.1,-
872,24-Apr-14,5517.8,5537.8,5517.8,5531,-
873,23-Apr-14,5479.3,5521.4,5479.3,5517.8,-
874,22-Apr-14,5454.2,5482.7,5452.4,5479.3,-
875,17-Apr-14,5420.3,5459.4,5420.3,5454.2,-
876,16-Apr-14,5388.2,5424.8,5386.8,5420.3,-
877,15-Apr-14,5358.9,5407.9,5360.5,5388.2,-
878,14-Apr-14,5428.6,5428.6,5358.9,5358.9,-
879,11-Apr-14,5480.8,5480.8,5423.9,5428.6,-
880,10-Apr-14,5463.8,5503.5,5463.8,5480.8,-
881,9-Apr-14,5410.6,5477.4,5410.6,5463.8,-
882,8-Apr-14,5413.7,5419.2,5392.3,5410.6,-
883,7-Apr-14,5422.8,5422.8,5391.3,5413.7,-
884,4-Apr-14,5409.9,5422.8,5398.1,5422.8,-
885,3-Apr-14,5403.3,5419.3,5403.3,5409.9,-
886,2-Apr-14,5389.2,5409.8,5389.2,5403.3,-
887,1-Apr-14,5394.8,5400.6,5350.5,5389.2,-
888,31-Mar-14,5366.9,5416,5366.9,5394.8,-
889,28-Mar-14,5350.1,5372.5,5342.7,5366.9,-
890,27-Mar-14,5376.8,5376.8,5322.2,5350.1,-
891,26-Mar-14,5336.6,5394.2,5336.6,5376.8,-
892,25-Mar-14,5346.9,5346.9,5310.7,5336.6,-
893,24-Mar-14,5338.1,5346.9,5301.4,5346.9,-
894,21-Mar-14,5294,5338.1,5294,5338.1,-
895,20-Mar-14,5355.6,5355.6,5288.5,5294,-
896,19-Mar-14,5344.6,5356.9,5334.4,5355.6,-
897,18-Mar-14,5317.6,5362.2,5317.6,5344.6,-
898,17-Mar-14,5329.4,5331.1,5311.4,5317.6,-
899,,,,,,
900,14-Mar-14,5412.6,5412.6,5329.4,5329.4,-
901,13-Mar-14,5384.2,5425.5,5384.2,5412.6,-
902,12-Mar-14,5413.8,5413.8,5345.9,5384.2,-
903,11-Mar-14,5411.5,5433.4,5404.4,5413.8,-
904,10-Mar-14,5462.3,5462.3,5409.5,5411.5,-
905,7-Mar-14,5445.9,5462.3,5444.3,5462.3,-
906,6-Mar-14,5446.2,5446.2,5422.7,5445.9,-
907,5-Mar-14,5400.2,5453.1,5406.2,5446.2,-
908,4-Mar-14,5384.3,5408.2,5369.5,5400.2,-
909,3-Mar-14,5404.8,5404.8,5340.3,5384.3,-
910,28-Feb-14,5411.4,5441,5401.6,5404.8,-
911,27-Feb-14,5437,5437,5406.2,5411.4,-
912,26-Feb-14,5433.8,5452.7,5422.4,5437,-
913,25-Feb-14,5440.2,5461.7,5427.3,5433.8,-
914,24-Feb-14,5438.7,5455.5,5425.1,5440.2,-
915,21-Feb-14,5412.3,5452.4,5412.3,5438.7,-
916,20-Feb-14,5408.2,5441.5,5400,5412.3,-
917,19-Feb-14,5392.8,5421,5394.2,5408.2,-
918,18-Feb-14,5382.9,5396.6,5379.7,5392.8,-
919,17-Feb-14,5356.3,5382.9,5355.4,5382.9,-
920,14-Feb-14,5308.1,5356.3,5308.1,5356.3,-
921,13-Feb-14,5310.1,5332.5,5303.4,5308.1,-
922,12-Feb-14,5254.5,5310.1,5254.5,5310.1,-
923,11-Feb-14,5222.1,5261.9,5204.8,5254.5,-
924,10-Feb-14,5166.5,5222.1,5166.5,5222.1,-
925,7-Feb-14,5131.4,5168.6,5131.4,5166.5,-
926,6-Feb-14,5070.3,5131.4,5070.3,5131.4,-
927,5-Feb-14,5097.1,5111.3,5052.2,5070.3,-
928,4-Feb-14,5187.9,5187.9,5092,5097.1,-
929,3-Feb-14,5190,5198.3,5163.4,5187.9,-
930,,,,,,
931,31-Jan-14,5188.1,5196.7,5169.9,5190,-
932,30-Jan-14,5229,5229.1,5161.5,5188.1,-
933,29-Jan-14,5175.1,5229,5175.1,5229,-
934,28-Jan-14,5240.9,5240.9,5158.9,5175.1,-
935,24-Jan-14,5263,5278.6,5240.9,5240.9,-
936,23-Jan-14,5319.8,5320.6,5252.8,5263,-
937,22-Jan-14,5331.5,5331.5,5285.4,5319.8,-
938,21-Jan-14,5295,5331.5,5276.1,5331.5,-
939,20-Jan-14,5305.9,5306.4,5259.9,5295,-
940,17-Jan-14,5309.1,5319.3,5283.9,5305.9,-
941,16-Jan-14,5245.4,5309.1,5245.4,5309.1,-
942,15-Jan-14,5212,5256.1,5212,5245.4,-
943,14-Jan-14,5292.1,5292.1,5207.5,5212,-
944,13-Jan-14,5312.4,5318,5288.1,5292.1,-
945,10-Jan-14,5324.4,5324.4,5306.3,5312.4,-
946,9-Jan-14,5316,5324.4,5295.4,5324.4,-
947,8-Jan-14,5317,5353,5303.7,5316,-
948,7-Jan-14,5324.9,5346.3,5314.3,5317,-
949,6-Jan-14,5350.1,5362,5317.4,5324.9,-
950,3-Jan-14,5367.9,5367.9,5325.8,5350.1,-
951,2-Jan-14,5352.2,5383.4,5352.2,5367.9,-
952,31-Dec-13,5356.8,5367.4,5338.9,5352.2,-
953,30-Dec-13,5324.1,5356.8,5324.1,5356.8,-
954,27-Dec-13,5327.2,5365.3,5319.7,5324.1,-
955,24-Dec-13,5291.9,5329.7,5291.9,5327.2,-
956,23-Dec-13,5265.2,5293.5,5257.4,5291.9,-
957,20-Dec-13,5202.2,5265.2,5202.2,5265.2,-
958,19-Dec-13,5096.1,5202.2,5096.1,5202.2,-
959,18-Dec-13,5103.2,5115.6,5093.3,5096.1,-
960,17-Dec-13,5089.6,5134.7,5084.3,5103.2,-
961,,,,,,
962,16-Dec-13,5098.4,5101.2,5059.7,5089.6,-
963,13-Dec-13,5062.5,5098.4,5047.5,5098.4,-
964,12-Dec-13,5104.2,5115.7,5028.2,5062.5,-
965,11-Dec-13,5143.6,5142,5104.2,5104.2,-
966,10-Dec-13,5144.4,5185.4,5140.7,5143.6,-
967,9-Dec-13,5186,5207.6,5133.5,5144.4,-
968,6-Dec-13,5198,5198.6,5154.6,5186,-
969,5-Dec-13,5273.8,5276.7,5198,5198,-
970,4-Dec-13,5256.1,5278.3,5227.6,5273.8,-
971,3-Dec-13,5279.5,5283.8,5253.2,5256.1,-
972,2-Dec-13,5320,5332.7,5269.5,5279.5,-
973,29-Nov-13,5334.3,5339.2,5308.1,5320,-
974,28-Nov-13,5332.9,5367.1,5332.9,5334.3,-
975,27-Nov-13,5357,5362.4,5332.9,5332.9,-
976,26-Nov-13,5352.8,5375.1,5345,5357,-
977,25-Nov-13,5335.9,5374.1,5335.9,5352.8,-
978,22-Nov-13,5288.3,5352.6,5288.3,5335.9,-
979,21-Nov-13,5307.7,5307.7,5284.9,5288.3,-
980,20-Nov-13,5352.9,5352.9,5296.2,5307.7,-
981,19-Nov-13,5384.7,5384.7,5345,5352.9,-
982,18-Nov-13,5401.7,5404,5357.4,5384.7,-
983,15-Nov-13,5355.4,5406.1,5340.6,5401.7,-
984,14-Nov-13,5319.2,5377.8,5319.2,5355.4,-
985,13-Nov-13,5393.1,5393.1,5308.5,5319.2,-
986,12-Nov-13,5387.1,5420.9,5386.1,5393.1,-
987,11-Nov-13,5400.7,5439.2,5372.6,5387.1,-
988,8-Nov-13,5422,5422,5379.9,5400.7,-
989,7-Nov-13,5433.8,5427.2,5409.1,5422,-
990,6-Nov-13,5432,5433.8,5406,5433.8,-
991,5-Nov-13,5390.5,5438.4,5390.5,5432,-
992,,,,,,
993,4-Nov-13,5411.1,5430.5,5388.8,5390.5,-
994,1-Nov-13,5425.5,5425.9,5405.4,5411.1,-
995,31-Oct-13,5430.9,5446.1,5398.6,5425.5,-
996,30-Oct-13,5415.5,5444.1,5415.5,5430.9,-
997,29-Oct-13,5441.4,5444.3,5408.4,5415.5,-
998,28-Oct-13,5386.3,5457.3,5386.3,5441.4,-
999,25-Oct-13,5372.9,5397.1,5372.9,5386.3,-
1000,24-Oct-13,5356.1,5384.5,5353.6,5372.9,-
1001,23-Oct-13,5373.1,5402.4,5355,5356.1,-
1002,22-Oct-13,5351.8,5380.4,5351.8,5373.1,-
1003,21-Oct-13,5321.5,5366.1,5321.5,5351.8,-
1004,18-Oct-13,5283.1,5326.5,5283.2,5321.5,-
1005,17-Oct-13,5262.9,5294.1,5262.9,5283.1,-
1006,16-Oct-13,5259.1,5269.9,5230.5,5262.9,-
1007,15-Oct-13,5207.9,5266.9,5207.9,5259.1,-
1008,14-Oct-13,5230.9,5230.9,5186.8,5207.9,-
1009,11-Oct-13,5147.1,5239.6,5147.1,5230.9,-
1010,10-Oct-13,5153,5153,5126.8,5147.1,-
1011,9-Oct-13,5149.4,5157.9,5118.9,5153,-
1012,8-Oct-13,5161.1,5165.6,5126.7,5149.4,-
1013,7-Oct-13,5208,5214.2,5146.1,5161.1,-
1014,4-Oct-13,5234.9,5234.9,5197.7,5208,-
1015,3-Oct-13,5215.6,5260.3,5213.8,5234.9,-
1016,2-Oct-13,5206.8,5231.1,5206.8,5215.6,-
1017,1-Oct-13,5218.9,5243.1,5201.8,5206.8,-
1018,30-Sep-13,5307.1,5307.1,5218.9,5218.9,-
1019,27-Sep-13,5294.5,5314.3,5294.5,5307.1,-
1020,26-Sep-13,5275.9,5294.5,5249.3,5294.5,-
1021,25-Sep-13,5234.2,5283.8,5230.5,5275.9,-
1022,24-Sep-13,5252.5,5252.5,5217.9,5234.2,-
1023,,,,,,
1024,23-Sep-13,5276.7,5276.7,5227.4,5252.5,-
1025,20-Sep-13,5295.5,5295.5,5268.8,5276.7,-
1026,19-Sep-13,5238.1,5300.1,5238.2,5295.5,-
1027,18-Sep-13,5251.2,5254.5,5227.7,5238.1,-
1028,17-Sep-13,5248,5263.4,5227.6,5251.2,-
1029,16-Sep-13,5219.6,5266.1,5219.6,5248,-
1030,13-Sep-13,5242.5,5242.5,5208.2,5219.6,-
1031,12-Sep-13,5234.4,5252.1,5228.9,5242.5,-
1032,11-Sep-13,5201.2,5234.4,5201.2,5234.4,-
1033,10-Sep-13,5181.5,5212.4,5181.5,5201.2,-
1034,9-Sep-13,5145,5181.5,5145,5181.5,-
1035,6-Sep-13,5142.5,5156.9,5115.1,5145,-
1036,5-Sep-13,5161.6,5172.1,5116.4,5142.5,-
1037,4-Sep-13,5196.6,5196.6,5152.7,5161.6,-
1038,3-Sep-13,5188.3,5207.7,5187.7,5196.6,-
1039,2-Sep-13,5135,5191.1,5126.6,5188.3,-
1040,30-Aug-13,5092.4,5135,5075.9,5135,-
1041,29-Aug-13,5087.2,5098.8,5064.1,5092.4,-
1042,28-Aug-13,5141.2,5141.2,5076.4,5087.2,-
1043,27-Aug-13,5135.4,5143.8,5108.9,5141.2,-
1044,26-Aug-13,5123.4,5157.1,5123.4,5135.4,-
1045,23-Aug-13,5075.7,5142.1,5078.1,5123.4,-
1046,22-Aug-13,5100,5100,5028,5075.7,-
1047,21-Aug-13,5078.2,5106.7,5069.5,5100,-
1048,20-Aug-13,5112.5,5112.5,5057.4,5078.2,-
1049,19-Aug-13,5113.9,5127.4,5098.8,5112.5,-
1050,16-Aug-13,5152.4,5152.4,5101.3,5113.9,-
1051,15-Aug-13,5157.4,5165.1,5141.6,5152.4,-
1052,14-Aug-13,5157.7,5168.2,5143,5157.4,-
1053,13-Aug-13,5108.7,5160.9,5108.7,5157.7,-
1054,,,,,,
1055,12-Aug-13,5055.2,5109.8,5048.1,5108.7,-
1056,9-Aug-13,5064.8,5076.7,5023.1,5055.2,-
1057,8-Aug-13,5011.3,5082.9,5011.3,5064.8,-
1058,7-Aug-13,5105.6,5105.6,5007.9,5011.3,-
1059,6-Aug-13,5111.3,5117.7,5087.1,5105.6,-
1060,5-Aug-13,5116.8,5116.8,5100.4,5111.3,-
1061,2-Aug-13,5061.5,5116.8,5061.5,5116.8,-
1062,1-Aug-13,5052,5092.3,5030.1,5061.5,-
1063,31-Jul-13,5047.2,5098.5,5047.2,5052,-
1064,30-Jul-13,5046.3,5055.2,5025.6,5047.2,-
1065,29-Jul-13,5042,5059.5,5035,5046.3,-
1066,26-Jul-13,5035.6,5062.6,5026.5,5042,-
1067,25-Jul-13,5035.1,5038,5007.4,5035.6,-
1068,24-Jul-13,5017.1,5053.8,5017.1,5035.1,-
1069,23-Jul-13,5001.9,5027.6,5001.9,5017.1,-
1070,22-Jul-13,4972.1,5026.7,4974.9,5001.9,-
1071,19-Jul-13,4993.4,5010.1,4962.1,4972.1,-
1072,18-Jul-13,5005,5008.8,4981.7,4993.4,-
1073,17-Jul-13,4986,4996.1,4978.9,4981.7,-
1074,16-Jul-13,4981.1,4999.3,4973.7,4986,-
1075,15-Jul-13,4973.9,4995.8,4960.1,4981.1,-
1076,12-Jul-13,4965.7,5012.5,4965.7,4973.9,-
1077,11-Jul-13,4901.4,4965.7,4901.4,4965.7,-
1078,10-Jul-13,4881.7,4950.8,4881.7,4901.4,-
1079,9-Jul-13,4809.5,4894.9,4809.5,4881.7,-
1080,8-Jul-13,4841.7,4853.5,4786.1,4809.5,-
1081,5-Jul-13,4794.7,4853.4,4794.7,4841.7,-
1082,4-Jul-13,4744.1,4801.1,4744.1,4794.7,-
1083,3-Jul-13,4834,4834,4720.2,4744.1,-
1084,2-Jul-13,4710.3,4834,4710.3,4834,-
1085,,,,,,
1086,1-Jul-13,4802.6,4802.6,4702.7,4710.3,-
1087,28-Jun-13,4811.3,4833.4,4795.6,4802.6,-
1088,27-Jun-13,4731.7,4830.5,4731.7,4811.3,-
1089,26-Jun-13,4656,4749.7,4656,4731.7,-
1090,25-Jun-13,4669.1,4688.2,4632.3,4656,-
1091,24-Jun-13,4738.8,4738.8,4662.3,4669.1,-
1092,21-Jun-13,4758.4,4758.1,4683.3,4738.8,-
1093,20-Jun-13,4861.4,4861.4,4729,4758.4,-
1094,19-Jun-13,4814.4,4861.4,4814.4,4861.4,-
1095,18-Jun-13,4825.9,4825.9,4767.5,4814.4,-
1096,17-Jun-13,4773.2,4825.9,4743.3,4825.9,-
1097,14-Jun-13,4695.8,4792.6,4695.8,4791.8,-
1098,13-Jun-13,4724.5,4724.5,4658.6,4695.8,-
1099,12-Jun-13,4757.1,4757.1,4710,4724.5,-
1100,11-Jun-13,4737.7,4758.4,4735.4,4757.1,-
1101,7-Jun-13,4781.2,4783.3,4732.3,4737.7,-
1102,6-Jun-13,4835.2,4832,4778.1,4781.2,-
1103,5-Jun-13,4900.8,4900.8,4831.1,4835.2,-
1104,4-Jun-13,4888.3,4907.2,4864.7,4900.8,-
1105,3-Jun-13,4926.6,4933.3,4888.3,4888.3,-
1106,31-May-13,4930.7,4962.9,4922.8,4926.6,-
1107,30-May-13,4974.7,4974.7,4897.9,4930.7,-
1108,29-May-13,4970.7,4993.2,4960.3,4974.7,-
1109,28-May-13,4959.9,4981.3,4950.1,4970.7,-
1110,27-May-13,4983.5,4983.9,4931.2,4959.9,-
1111,24-May-13,5062.4,5083.5,4954.9,4983.5,-
1112,23-May-13,5165.4,5160.2,5058.6,5062.4,-
1113,22-May-13,5180.1,5203.4,5154,5165.4,-
1114,21-May-13,5209,5207.8,5160.6,5180.1,-
1115,20-May-13,5180.8,5246.9,5187.2,5209,-
1116,,,,,,
1117,17-May-13,5165.7,5194.9,5168.6,5180.8,-
1118,16-May-13,5191.7,5211.6,5156.8,5165.7,-
1119,15-May-13,5221,5249.6,5168.5,5191.7,-
1120,14-May-13,5210.3,5227.1,5207.1,5221,-
1121,13-May-13,5206.1,5219.2,5190.2,5210.3,-
1122,10-May-13,5198.4,5242.5,5198.2,5206.1,-
1123,9-May-13,5199.8,5211.5,5182.3,5198.4,-
1124,8-May-13,5143.7,5201.9,5150.4,5199.8,-
1125,7-May-13,5156.2,5166.7,5118.9,5143.7,-
1126,6-May-13,5129.5,5201.3,5145.5,5156.2,-
1127,3-May-13,5130,5183.2,5126.5,5129.5,-
1128,2-May-13,5166.2,5166.2,5117.4,5130,-
1129,1-May-13,5191.2,5188.1,5159.6,5166.2,-
1130,30-Apr-13,5125.8,5195.1,5125.8,5191.2,-
1131,29-Apr-13,5097.5,5130.3,5097.5,5125.8,-
1132,26-Apr-13,5102.4,5135,5097.4,5097.5,-
1133,24-Apr-13,5016.2,5103.6,5022.9,5102.4,-
1134,23-Apr-13,4966.6,5036.5,4966.6,5016.2,-
1135,22-Apr-13,4931.9,4966.6,4931.9,4966.6,-
1136,19-Apr-13,4924.4,4960.4,4918.4,4931.9,-
1137,18-Apr-13,5004.6,4992.6,4924.4,4924.4,-
1138,17-Apr-13,4950.8,5006.1,4950.8,5004.6,-
1139,16-Apr-13,4967.9,4967.9,4914,4950.8,-
1140,15-Apr-13,5013.5,5005.3,4933.3,4967.9,-
1141,12-Apr-13,5007.1,5023,5006.1,5013.5,-
1142,11-Apr-13,4968,5013.2,4968,5007.1,-
1143,10-Apr-13,4976.8,4991.9,4956.3,4968,-
1144,9-Apr-13,4905.5,4976.9,4905.5,4976.8,-
1145,8-Apr-13,4891.4,4914,4889.6,4905.5,-
1146,5-Apr-13,4913.5,4924,4883.7,4891.4,-
1147,,,,,,
1148,4-Apr-13,4957.7,4949.9,4902.2,4913.5,-
1149,3-Apr-13,4985.5,5011.9,4934.6,4957.7,-
1150,2-Apr-13,4966.5,5005.6,4964.8,4985.5,-
1151,28-Mar-13,4995,4995,4966.5,4966.5,-
1152,27-Mar-13,4950.2,4995,4956.8,4995,-
1153,26-Mar-13,4990.2,4981,4942.5,4950.2,-
1154,25-Mar-13,4967.3,5023.2,4968.8,4990.2,-
1155,22-Mar-13,4959.4,4983.6,4927.9,4967.3,-
1156,21-Mar-13,4967.3,4998.9,4947.8,4959.4,-
1157,20-Mar-13,4987.4,4988.1,4937.5,4967.3,-
1158,19-Mar-13,5015.4,5057.4,4987.4,4987.4,-
1159,18-Mar-13,5120.2,5101.7,5014.7,5015.4,-
1160,15-Mar-13,5032.2,5120.2,5032.2,5120.2,-
1161,14-Mar-13,5092.4,5103.4,5032.2,5032.2,-
1162,13-Mar-13,5117.9,5121.8,5079.9,5092.4,-
1163,12-Mar-13,5146.9,5163.5,5117.9,5117.9,-
1164,11-Mar-13,5123.4,5148.4,5115,5146.9,-
1165,8-Mar-13,5109.2,5131.2,5102,5123.4,-
1166,7-Mar-13,5116.8,5135.7,5086.5,5109.2,-
1167,6-Mar-13,5075.4,5131.6,5075.4,5116.8,-
1168,5-Mar-13,5010.5,5095,5010.5,5075.4,-
1169,4-Mar-13,5058,5086.1,5009.6,5010.5,-
1170,28-Feb-13,5036.6,5112.5,5036.6,5104.1,-
1171,27-Feb-13,5003.6,5043.2,5011.6,5036.6,-
1172,26-Feb-13,5055.8,5038.6,4978.4,5003.6,-
1173,25-Feb-13,5018.1,5064.3,5016.8,5055.8,-
1174,22-Feb-13,4980.1,5055.3,4975.9,5018.1,-
1175,21-Feb-13,5098.7,5076,4980.1,4980.1,-
1176,20-Feb-13,5081.9,5106.6,5081.9,5098.7,-
1177,19-Feb-13,5063.4,5081.9,5045.8,5081.9,-
1178,,,,,,
1179,18-Feb-13,5033.9,5070.5,5030.9,5063.4,-
1180,15-Feb-13,5036.9,5044.4,5021,5033.9,-
1181,14-Feb-13,5003.7,5045.4,4998.3,5036.9,-
1182,13-Feb-13,4959,5013.6,4959,5003.7,-
1183,12-Feb-13,4959.5,4981.5,4959,4959,-
1184,11-Feb-13,4971.3,4977.8,4959.5,4959.5,-
1185,8-Feb-13,4935.7,4971.3,4928.5,4971.3,-
1186,7-Feb-13,4921,4938.2,4907.9,4935.7,-
1187,6-Feb-13,4882.7,4931.2,4882.7,4921,-
1188,5-Feb-13,4907.5,4897.4,4869.5,4882.7,-
1189,4-Feb-13,4921.1,4951.3,4907.5,4907.5,-
1190,1-Feb-13,4878.8,4922.6,4878.8,4921.1,-
1191,31-Jan-13,4896.7,4906.2,4866.5,4878.8,-
1192,30-Jan-13,4889,4906.2,4886.3,4896.7,-
1193,29-Jan-13,4835.2,4896.6,4841.6,4889,-
1194,25-Jan-13,4810.2,4835.2,4810.2,4835.2,-
1195,24-Jan-13,4787.8,4814.2,4779.2,4810.2,-
1196,23-Jan-13,4779.1,4802.2,4787.8,4787.8,-
1197,22-Jan-13,4777.5,4801.7,4767.3,4779.1,-
1198,21-Jan-13,4771.2,4779.7,4762.6,4777.5,-
1199,18-Jan-13,4756.6,4782.6,4756.6,4771.2,-
1200,17-Jan-13,4738.4,4787.2,4738.4,4756.6,-
1201,16-Jan-13,4716.6,4739.8,4714.5,4738.4,-
1202,15-Jan-13,4719.7,4731.5,4706.4,4716.6,-
1203,14-Jan-13,4709.5,4731,4708.8,4719.7,-
1204,11-Jan-13,4723,4734.6,4704.2,4709.5,-
1205,10-Jan-13,4708.1,4728.7,4700.7,4723,-
1206,9-Jan-13,4690.2,4711.3,4690.8,4708.1,-
1207,8-Jan-13,4717.3,4736.5,4689.8,4690.2,-
1208,7-Jan-13,4723.8,4750.7,4714.7,4717.3,-
1209,,,,,,
1210,4-Jan-13,4740.7,4740.7,4716.8,4723.8,-
1211,3-Jan-13,4705.9,4743.4,4705.9,4740.7,-
1212,2-Jan-13,4648.9,4710.3,4648.9,4705.9,-
1213,31-Dec-12,4671.3,4666,4644.8,4648.9,-
1214,28-Dec-12,4648,4688.6,4651.7,4671.3,-
1215,27-Dec-12,4635.2,4653,4629.7,4648,-
1216,24-Dec-12,4623.6,4645.5,4625.7,4635.2,-
1217,21-Dec-12,4634.1,4658.7,4611.2,4623.6,-
1218,20-Dec-12,4617.8,4643.5,4610.3,4634.1,-
1219,19-Dec-12,4595.2,4627.1,4603.3,4617.8,-
1220,18-Dec-12,4573.4,4610.3,4579.1,4595.2,-
1221,17-Dec-12,4583.1,4586.2,4569.4,4573.4,-
1222,14-Dec-12,4582.8,4598.3,4579.8,4583.1,-
1223,13-Dec-12,4583.8,4592.2,4577.7,4582.8,-
1224,12-Dec-12,4576,4603.5,4576,4583.8,-
1225,11-Dec-12,4557.9,4581,4557.9,4576,-
1226,10-Dec-12,4551.8,4571.7,4552.2,4557.9,-
1227,7-Dec-12,4509.3,4554.1,4515.6,4551.8,-
1228,6-Dec-12,4520.4,4528.8,4504.9,4509.3,-
1229,5-Dec-12,4503.6,4525.1,4500.2,4520.4,-
1230,4-Dec-12,4531.5,4537,4502.1,4503.6,-
1231,3-Dec-12,4506,4538.6,4506,4531.5,-
1232,30-Nov-12,4477.7,4514.2,4477.7,4506,-
1233,29-Nov-12,4447.3,4477.7,4445.5,4477.7,-
1234,28-Nov-12,4456.8,4453.2,4433,4447.3,-
1235,27-Nov-12,4424.2,4461.7,4424,4456.8,-
1236,26-Nov-12,4413,4426,4413,4424.2,-
1237,23-Nov-12,4413.1,4413.2,4397.9,4413,-
1238,22-Nov-12,4369.5,4428.6,4374,4413.1,-
1239,21-Nov-12,4385.7,4389,4366.8,4369.5,-
1240,,,,,,
1241,20-Nov-12,4361.4,4391,4361.4,4385.7,-
1242,19-Nov-12,4336.8,4364.4,4340,4361.4,-
1243,16-Nov-12,4349.2,4351.8,4334.3,4336.8,-
1244,15-Nov-12,4388.4,4388.4,4339,4349.2,-
1245,14-Nov-12,4379.8,4395.6,4372,4388.4,-
1246,13-Nov-12,4448,4447.1,4379.8,4379.8,-
1247,12-Nov-12,4462,4465.2,4442.9,4448,-
1248,9-Nov-12,4483.8,4483.8,4436.6,4462,-
1249,8-Nov-12,4516.5,4516.5,4459.9,4483.8,-
1250,7-Nov-12,4484.8,4519.3,4482.8,4516.5,-
1251,6-Nov-12,4474.1,4490,4470.4,4484.8,-
1252,5-Nov-12,4460.1,4478,4436.2,4474.1,-
1253,2-Nov-12,4457.6,4486.4,4457.3,4460.1,-
1254,1-Nov-12,4517,4517,4457.6,4457.6,-
1255,31-Oct-12,4485.7,4524.8,4492.1,4517,-
1256,30-Oct-12,4476.9,4498.9,4472.8,4485.7,-
1257,29-Oct-12,4472.4,4501.9,4475.2,4476.9,-
1258,26-Oct-12,4510.5,4526,4472.1,4472.4,-
1259,25-Oct-12,4505.8,4518.8,4502.7,4510.5,-
1260,24-Oct-12,4543.1,4543.1,4501.7,4505.8,-
1261,23-Oct-12,4541,4565,4537.2,4543.1,-
1262,22-Oct-12,4571.1,4559.2,4522.7,4541,-
1263,19-Oct-12,4559.4,4571.8,4538,4571.1,-
1264,18-Oct-12,4528.2,4581.8,4547.1,4559.4,-
1265,17-Oct-12,4491.5,4536.8,4491.5,4528.2,-
1266,16-Oct-12,4483.4,4516.9,4483.4,4491.5,-
1267,15-Oct-12,4486.6,4492.7,4479.2,4483.4,-
1268,12-Oct-12,4483.5,4496.1,4482.7,4486.6,-
1269,11-Oct-12,4490.7,4492.8,4460.4,4483.5,-
1270,10-Oct-12,4505.3,4499,4476,4490.7,-
1271,,,,,,
1272,9-Oct-12,4481.9,4512.8,4482.8,4505.3,-
1273,8-Oct-12,4494.4,4495.8,4476.7,4481.9,-
1274,5-Oct-12,4452.4,4495.8,4452.4,4494.4,-
1275,4-Oct-12,4438.6,4457.4,4436.7,4452.4,-
1276,3-Oct-12,4433,4454.6,4432.5,4438.6,-
1277,2-Oct-12,4388.6,4438.3,4393.6,4433,-
1278,1-Oct-12,4387,4411.4,4375,4388.6,-
1279,28-Sep-12,4384.2,4394.6,4368.5,4387,-
1280,27-Sep-12,4361.6,4384.7,4336.9,4384.2,-
1281,26-Sep-12,4372.9,4365.9,4348.8,4361.6,-
1282,25-Sep-12,4385.5,4385.5,4367.3,4372.9,-
1283,24-Sep-12,4408.3,4408.3,4375,4385.5,-
1284,21-Sep-12,4397.2,4418.4,4396.8,4408.3,-
1285,20-Sep-12,4418.4,4414.3,4394.4,4397.2,-
1286,19-Sep-12,4394.7,4421,4386.2,4418.4,-
1287,18-Sep-12,4402.5,4404.4,4383.3,4394.7,-
1288,17-Sep-12,4390,4412.2,4392.1,4402.5,-
1289,14-Sep-12,4339.4,4398.3,4353.7,4390,-
1290,13-Sep-12,4361.3,4361.3,4337.2,4339.4,-
1291,12-Sep-12,4325.8,4364.8,4325.8,4361.3,-
1292,11-Sep-12,4333.8,4333.7,4316.7,4325.8,-
1293,10-Sep-12,4325.8,4342.3,4317.3,4333.8,-
1294,7-Sep-12,4312.9,4358.3,4312.9,4325.8,-
1295,6-Sep-12,4278.8,4327.1,4278.8,4312.9,-
1296,5-Sep-12,4303.5,4303.5,4261.2,4278.8,-
1297,4-Sep-12,4329.7,4334.5,4293.9,4303.5,-
1298,3-Sep-12,4316.1,4337.6,4287.4,4329.7,-
1299,31-Aug-12,4315.7,4328.8,4305.9,4316.1,-
1300,30-Aug-12,4356.4,4356.4,4302.5,4315.7,-
1301,29-Aug-12,4359.4,4360.1,4346.4,4356.4,-
1302,,,,,,
1303,28-Aug-12,4343.7,4365.1,4339.9,4359.4,-
1304,27-Aug-12,4349,4375.8,4341,4343.7,-
1305,24-Aug-12,4383.7,4383.7,4339.1,4349,-